0.00515271129157,0.0418879020479,0.000380810738808,0.00309572223696-0.00522243117199,8.85232708447e-05,1.2114050549e-05,0.003192680869970.00518160832206,0.0418648621385,0.000369443578578,0.0061712927549-0.00518914644726,9.41831039042e-05,2.0191299309e-05,0.006333825127290.00519066851276,0.0418657051104,0.000368812095977,0.00930181326706-0.00523019420622,0.000117291698463,3.91444975167e-05,0.009614272154950.00514930439586,0.0418188761282,0.000311574259764,0.0121375528354-0.00521610477399,0.000163098139047,0.000116991885982,0.01307184925770.00521918038507,0.0418195743707,0.00027978952668,0.0153049672778-0.00527044510675,0.000182718834154,0.000157538344116,0.0165495303351-7.30769679445e-05,-0.000182666005569,0.00344617294394,0.03378039505490.000819840678754,0.0039165373882,-0.00299102986603,0.0188252457247-0.000806337682982,-0.000115151026712,0.00344914125547,0.0360709520020.000785776546837,0.00381373170747,-0.00298816334265,0.0211301352888-0.000733088633702,0.00014828853896,0.00345190617831,0.03838966618030.00073680296004,0.00383230333916,-0.00298552678427,0.023462032259-0.00072135172176,0.000225544730358,0.00345441713103,0.04073411791410.000729979439265,0.00387544192668,-0.00298316757824,0.025818280023-0.000680162402276,0.000474629915304,0.00345661643332,0.04310136218950.000716063835927,0.00405494909494,-0.00298115061161,0.0281956091315-0.000718784774597,0.000461025221957,0.00345843323718,0.04548777531740.000775089549056,0.00433647296723,-0.00297954911656,0.0305900297346-0.000753398955328,0.000569478190592,0.00345979341515,0.04788899681040.000702728628562,0.0040831213334,-0.00297845802532,0.0329967066838-0.000633877117165,0.000913735747577,0.00346061040434,0.05029975870550.0006267015878,0.00404724368658,-0.00297795729183,0.0354099722463-0.000493632429238,0.00157908154038,0.00346077946398,0.05271386956630.000393760286164,0.0035478829712,-0.00297803854207,0.0378236768559-0.000297592182902,0.00205992205669,0.00346051210886,0.05512623740020.00036848325265,0.00390233831994,-0.00297915263419,0.0402304742293-0.000364608365586,0.00207929649201,0.00345881218474,0.0575245351530.00040073810985,0.00408298704126,-0.00298139138442,0.0426175782309-0.000363243293451,0.00226677057401,0.00345631491364,0.05989915279910.000278387184779,0.0036587064979,-0.00298444723212,0.0449769166385-0.000204755532125,0.00263492883727,0.0034526646165,0.0622402397210.00024918931864,0.00388087543048,-0.00298873047578,0.0472965873421-0.000261094795431,0.00257540145332,0.00344771334121,0.06453515404820.000320675180567,0.00417877735615,-0.00299438939474,0.0495632070745-0.000244809629266,0.00295472920983,0.00344132304604,0.06676982230470.000206562724956,0.00398754283461,-0.00300156091526,0.0517620177284-7.95915358522e-05,0.00358958515535,0.00343335078858,0.0689287716713-1.51866209548e-05,0.00351365205057,-0.00301037968851,0.05387687322870.0260903274668,0.0418879019983,0.0284462548311,0.0456703326587
-0.0173868597705,-0.00126286048111,-0.0127243650491,0.0140909640332
0.0209700501587,0.0416230405845,0.0392125058681,0.0942845560594
-0.021777860178,-0.00107476103047,-0.0194453344144,0.0561599182679
0.0178966836915,0.0414566966464,0.0179465581382,0.0988099025362
-0.0208792420001,-0.00108534828005,0.00938283448361,0.117927692643
0.0199715388141,0.0415186505248,0.00259238734487,0.123457865774
-0.0193424070594,-0.00113756641898,0.00899098854463,0.143285881839
0.020612605116,0.0415382432321,0.0159264783802,0.176259654728
-0.0204880287933,-0.00107596078746,0.000387739109567,0.177066135122
0.000430913861175,0.00107860851841,-0.0414304302725,-0.0300860162408
0.0014660901509,0.00840905927291,0.0415748057243,0.177788012381
-0.00155155886654,0.000651264940229,-0.0414541100025,-0.0294825376317
0.001602189601,0.00866221294521,0.0415506776445,0.178270850591
-0.0015818380605,0.000753022642695,-0.0414786069447,-0.0291221841327
0.00152071582652,0.00835660177531,0.0415259007409,0.178507319572
-0.00146692351351,0.00102198420776,-0.041503558701,-0.0290104739331
0.00152158933711,0.00862993089332,0.0415008600834,0.178493826484
-0.00163655611947,0.000447150295977,-0.0415285935424,-0.0291491412283
0.00169522298991,0.0089232652455,0.0414759397664,0.178230557604
-0.00169278503822,0.0004593400544,-0.0415533198129,-0.029536041461
0.00168749389893,0.00889680954907,0.0414515149145,0.177721533111
-0.00168836676833,0.000454975707418,-0.041577361377,-0.0301652737737
0.00164035620346,0.0086567567247,0.0414279372548,0.1769744125
-0.00158208340171,0.000746339716135,-0.0416003803661,-0.03102748933
0.00146148108658,0.00805374514905,0.0414055320482,0.176000170911
-0.00137643136348,0.00117158833165,-0.0416220921352,-0.0321102897647
0.00124772654998,0.00741022108155,0.0413845687074,0.174812553772
-0.00116334617798,0.00159349019167,-0.0416422536172,-0.0333987143135
0.00105650076946,0.00687599403899,0.0413652492023,0.173427531698
-0.00108524501453,0.00144976896633,-0.0416606892757,-0.0348759146808
0.00108938968259,0.00689671737929,0.0413477271307,0.171862720973
-0.001139692282,0.00119825596931,-0.0416772905758,-0.0365237319062
0.00111227361833,0.00675962406095,0.041332087195,0.170136704069
-0.00112407034358,0.00113927234308,-0.0417285173505,-0.0385058826836
0.00111849734374,0.00673175906176,0.0377555031185,0.150271632909
-0.00113801365627,0.00104169078042,-0.0381727990996,-0.040592362589
0.00109008671656,0.00649212436325,0.0377565408939,0.148190341881
-0.00114001467903,0.000792050968101,-0.0381322867043,-0.0424710916411
0.00110098214469,0.00629696169155,0.0377554995734,0.146306406226
-0.00111541962645,0.0007198635593,-0.0382061360618,-0.044724274083
0.00109378107953,0.00618876895695,0.0377568316869,0.144059884351
-0.00109277934466,0.000724872233668,-0.0416732630378,-0.0643064308377
0.00105127747325,0.00598125959994,0.0412416551468,0.141901844897
-0.0011077813366,0.000442352916963,-0.0416765848477,-0.0664810793421
0.0010720894178,0.00580280000596,0.0412544511897,0.139791176607
-0.00109682735233,0.000318663244324,-0.0416798431569,-0.0686080391777
0.00112201328398,0.00592872966424,0.0412518481953,0.137651201799
-0.00118874244654,-1.49825684638e-05,-0.0416933167659,-0.0708153820305
0.00118178190825,0.0058939269728,0.0412619625579,0.135494430759
-0.00124782338771,-0.000345189965731,-0.0416942813187,-0.0729769758349
0.00131442092899,0.00622691467921,0.0412612609154,0.133329328742
-0.0014180360071,-0.00086326535629,-0.041694258428,-0.0751419633979
0.00142938403786,0.00628365483302,0.0412619095518,0.131167584361
-0.00150740174964,-0.0012533539152,-0.0416929808413,-0.0772973198449
0.00153067148042,0.0064000034869,0.0412632496918,0.129018928614
-0.00158755516898,-0.00153777235798,-0.0416913059433,-0.0794376011024
0.00156904369836,0.00630744613381,0.0412648137109,0.126886467452
-0.00156166571732,-0.00150088245282,-0.0416903237844,-0.0815651514698
0.00149995512967,0.00599889319553,0.0412660621494,0.124765159277
0.499378480085,2.50289129362,-0.0416888251512,-0.0836789664789
-1.00028147519,-2.49851608233,0.0412677905362,0.122659986202
1.00028049978,2.50288641657,-0.0416868908346,-0.0857744679709
-1.00034284277,-2.49882779726,0.0412699024114,0.120575044086
1.00032984435,2.5028214245,-0.0416845966772,-0.0878479392997
-1.00034802582,-2.49891870461,0.0412725165001,0.118514643201
1.0003270547,2.50271656888,-0.0416807517039,-0.0898891153187
-1.00027627885,-2.49866482539,0.0412764871953,0.116493320658
1.00020567409,2.50236354508,-0.0416766926417,-0.0918901425511
-1.00021664487,-2.49871967929,0.0412806362411,0.114513038654
1.00020029283,2.50228178487,-0.0416724601822,-0.0938492622568
-1.00023696147,-2.4989030225,0.0412849314254,0.11257539487
1.0002526094,2.50236002452,-0.0416680911872,-0.0957650610657
-1.00030395241,-2.49915973753,0.0412893438812,0.11068165834
1.00031526208,2.5024165729,-0.0416636184593,-0.0976364339564
-1.00033637614,-2.49926530782,0.041293859126,0.108832861674
1.00030796922,2.50227453828,-0.0416590663825,-0.0994624702388
-1.00032278009,-2.49933936217,0.04129845426,0.107029801061
1.00030974879,2.50220938177,-0.0416544334538,-0.101242366208
-1.00031388678,-2.49936005214,0.0413031323342,0.105273295463
1.00029573418,2.50211861877,-0.0416497198464,-0.102975303769
-1.00028042146,-2.49928348851,0.0413078942792,0.103564167627
1.00024048021,2.50191891254,-0.0412064152304,-0.102467908525
-1.00024416597,-2.49930191729,0.0415385809963,0.105224996457
1.00022338122,2.50181498879,-0.0412113724062,-0.100831865574
-1.00020703186,-2.49922017053,0.0415332958821,0.106834613836
1.00016999717,2.5016298153,-0.0412181106561,-0.0992559394441
-1.0001748234,-2.49924430171,0.0415264952768,0.10837653694
1.00017279851,2.50161969086,-0.0412249858168,-0.0977483921445
-1.00019589888,-2.49935980355,0.0415195337002,0.109849276357
1.0002022447,2.50165141994,-0.0412320714014,-0.0963110806503
-1.00022096917,-2.49945342589,0.0415123148165,0.111250493432
1.00022410041,2.50166707617,-0.041239461417,-0.0949468136527
-1.00025001584,-2.49958300301,0.0415052019232,0.112579195963
1.00026339475,2.50173397073,-0.0412467228084,-0.0936544180785
-1.00029369098,-2.49973448419,0.0414976732115,0.113833947979
1.00032491956,2.50189011362,-0.0412545825989,-0.0924389650153
-1.00036866423,-2.49995320754,0.0414894870994,0.115008470482
1.00036227096,2.50185814729,-0.0412631371071,-0.0913072150533
-1.00036955026,-2.49998960399,0.0414805579379,0.116095574636
1.00036085066,2.5018146493,-0.0412724294568,-0.0902665726474
-0.315063754481,-2.45992657435,0.0115170034618,0.091107482719
0.315084560007,2.5018129767,-0.0114643528199,-0.0894254282315
-0.315054111503,-2.45992711139,0.0115085480133,0.0918209734121
0.315129054351,2.50181535319,-0.0114662804456,-0.0887169040455
-0.315125276923,-2.45992799374,0.0115107298431,0.0925230389215
0.315131159721,2.50181557503,-0.0114667139496,-0.0880204980757
-0.315122850172,-2.45992829487,0.0115102622174,0.0932134967515
0.315135488598,2.50181615227,-0.0114671595142,-0.0873346074852
-0.315131270124,-2.45992857148,0.0115102821388,0.0938948898244
0.315110618964,2.50181691348,-0.0114665414891,-0.0866577702174
36889.6885529,0.0418879020479,8677811634.2,9853.57529385
-18711.3093504,-0.000488043969985,-4338873496.22,27.2255921504
12615.9957039,0.0415461608527,2829672872.04,9455.18132991
-9683.16516138,-0.000551059093906,-2194555278.94,-85.5705547196
7957.86305393,0.0413325031371,1906919455.79,9950.86500026
-9565.49500785,-0.00179988638202,-1522219610.07,3086.9265317
8481.3940503,0.0413854721651,1398967712.18,10210.1567328
-7552.13590667,-0.00159960307271,-1224810389.06,3238.80884173
6886.05434728,0.0413183344562,1157081649.27,10450.4216805
-6417.36359317,-0.00161950765601,-1023249062.96,3603.97982489
0.00400974530824,0.0435074097039,-640.461627827,-3603.97397998
-0.00399496848085,-0.0016181767746,638.120713504,3603.98562695
0.00399594531892,0.0435109853728,-638.22565716,-3603.96815366
-0.00399716457088,-0.00162841898666,638.276051213,3603.99145316
0.00399639154886,0.0435152958456,-638.091165503,-3603.96233723
-0.00399641921798,-0.00162451575119,638.151275251,3603.99727959
0.00399879838225,0.0435214670453,-638.443380939,-3603.95649482
-0.00399740186899,-0.00163277544929,638.104184432,3604.00308117
0.00399764086405,0.0435226334182,-638.125336113,-3603.95066975
-0.0039979559694,-0.00163013021878,638.213538187,3604.00891266
0.000652052946019,0.00163013451131,-1441.57725349,-3603.8773548
-0.000544050083802,-0.0010901159077,1441.57834946,3604.01439249
0.000545365684989,0.00163671251725,-1441.577215,-3603.87168253
-0.000542114893402,-0.00107386194976,1441.57839024,3604.02026868
0.000548595502471,0.0016691155626,-1441.57717175,-3603.86559008
-0.000540522121761,-0.00103349504621,1441.57843613,3604.02659059
0.000543138981597,0.00168219986178,-1441.57712304,-3603.85902463
-0.000527291180103,-0.000954256038739,1441.57848786,3604.03341468
0.000524565379098,0.00166857085675,-1441.5770681,-3603.85192583
-0.000516256332994,-0.000912710808222,1441.57854624,3604.04080539
0.000536827906436,0.00177142872396,-1441.57700606,-3603.84422492
0.196514888972,0.0418878909366,3.59016234125,0.765256665191
-0.101200926471,-0.000620872285405,-1.78678328275,0.0147304581254
0.0711835238721,0.0413047909307,1.36465098034,0.818482426234
-0.0642715460448,-0.00124524553342,-0.980777347382,0.169173136783
0.0593850108723,0.0410235673968,1.13723915651,0.978632433957
-0.0791746595823,-0.00167293426497,-0.259261663777,0.838820452236
0.0695846195867,0.0412402313336,0.285560240138,1.01492680945
-0.0660671018987,-0.00170412839618,-0.0309945381346,0.994780010859
0.0717386827965,0.0410171853265,0.802628227357,1.47275550423
-0.0772151432442,-0.00578278681025,-0.415681650172,1.22081153536
0.0023131236938,0.00578283165874,-0.423022043824,-0.894298683757
-0.00177954160715,-0.00311487637699,0.425838342034,1.23489302641
0.0018273678405,0.00602196282549,-0.42289206339,-0.879567290536
-0.00172060102412,-0.00258104229512,0.425970985649,1.25028763771
0.00181375884374,0.00648775192358,-0.422758100848,-0.863502866531
-0.00166414000287,-0.00183294809079,0.426104555453,1.26701991073
0.00192217429112,0.0077779233648,-0.422627133181,-0.846115755174
-0.00172829263097,-0.000863539790074,0.426230062459,1.28503455712
0.00216283358178,0.00995062811882,-0.422510789593,-0.827519390843
-0.00161880592528,0.00185659849242,0.42633215269,1.3041413726
0.00240168543437,0.0138650256643,-0.422430559397,-0.808011424382
-0.000727741501194,0.0102263181583,0.426377533981,1.32387624552
0.00293263471921,0.0248894917543,-0.42244684346,-0.788357971778
0.00249186182815,0.0373488008951,0.426231654082,1.34280029863
0.00848549880311,0.0797762949106,-0.42293413645,-0.771870383617
0.0136228714467,0.147890652144,0.42476033576,1.35193129518
-0.00442090875096,0.125786108389,-0.425719155785,-0.77666448374
-0.0210057369326,0.0207574237261,0.422759224489,1.33713163871
0.00622026420644,0.0518587447583,-0.434345414087,-0.834595431726
-0.0129416545693,-0.012849528088,0.421222666497,1.27151790076
0.0102209525878,0.0382552348511,-0.425294618565,-0.854955192065
-0.0114437210329,-0.0189633703133,0.419881286656,1.24445124121
0.010019108124,0.0311321703065,-0.423803139771,-0.874564457641
-0.0105784633598,-0.0217601464922,0.419975583006,1.22531345739
0.0102051908656,0.0292658078358,-0.423692011844,-0.893146601831
-0.0104951214317,-0.0232097993228,0.420097780248,1.20734229941
0.0103725458255,0.0286529298047,-0.423562924023,-0.910472320708
-0.0106094805402,-0.0243944728964,0.420230648373,1.19068092116
0.0104594076982,0.0279025655948,-0.423428753353,-0.926462845608
-0.0105312932814,-0.0247539008125,0.420364224831,1.17535827854
0.0104786072141,0.0276391352582,-0.423297269166,-0.941128067286
-0.0105770959714,-0.0252463445987,0.420492463055,1.16133424799
0.0105405017102,0.0274561639526,-0.423173095956,-0.95453123179
-0.0106010869384,-0.0255492707393,0.420611964765,1.14852859204
0.0105901244232,0.0274013513767,-0.423003789038,-0.966490353156
-0.010622605138,-0.0257116743135,0.420721152074,1.13711540721
0.0105694134185,0.0271353927792,-0.42289998579,-0.977384521737
-0.0106006267723,-0.0258677410826,0.420819580298,1.12671337975
0.0105992028361,0.0271282730981,-0.42280684142,-0.98732082735
-0.0106319142347,-0.0260312980753,0.420907567323,1.11721700927
0.0106230807688,0.0270841057688,-0.422778671485,-0.996676348158
-0.0106493994559,-0.026162891511,0.421040633545,1.10852681957
0.0106509121083,0.0270916690304,-0.42269534104,-1.00494988563
-0.0106698445171,-0.0262575535552,0.421085292959,1.10047657916
0.0106548822758,0.0270168578237,-0.423157090418,-1.01530887293
-0.0106499857479,-0.0262330709156,0.421700365313,1.09319295363
0.0106323935044,0.0269288966066,-0.42307326048,-1.02217334877
-0.0106420441209,-0.0262813239981,0.42175897798,1.08662154113
0.0106368207143,0.0269027795736,-0.423018010109,-1.02846850941
-0.010640785806,-0.0263011494563,0.421811082268,1.08058690193
0.0106371822654,0.0268847618708,-0.422968861199,-1.03425740406
-0.0106463999225,-0.0263472377416,0.421855201806,1.07501860496
0.0106485135784,0.0268953301501,-0.422928449852,-1.0396236443
-0.0106617261309,-0.0264133005043,0.421893313034,1.06984292087
0.0106614174091,0.0268937865413,-0.422891186132,-1.04461300979
-0.0106678044414,-0.0264452356656,0.421930379119,1.06503888581
0.0106699129735,0.0269043292021,-0.422856079161,-1.04924151
-0.0106771740833,-0.0264815412142,0.421963634048,1.06057666024
0.0106738959578,0.0268879385749,-0.422824551291,-1.05354609621
-0.0106753489068,-0.0264888059593,0.421993556883,1.0564216882
0.0106711555152,0.0268669716165,-0.422341207551,-1.05528434955
-0.0106662146648,-0.0264641017076,0.423116803318,1.06029966704
0.0106577664479,0.0268247305317,-0.422366548969,-1.05153307781
-0.0106606229703,-0.0264783843199,0.423088425903,1.06390905171
0.0106597597574,0.0268204144673,-0.422394071544,-1.04806130601
-0.0106598070222,-0.0264786206439,0.423063078928,1.06725408863
0.0106542114101,0.0267924364065,-0.422417235435,-1.04483208855
-0.0106524123353,-0.0264696252701,0.423040932244,1.07037257267
0.0106494095411,0.0267774224351,-0.422438398104,-1.04181941785
-0.0106524077706,-0.0264846164176,0.42302106209,1.0732858926
0.0106522658431,0.026776712798,-0.422591473609,-1.03967147545
-0.0106547481511,-0.0264970279576,0.422749434851,1.0740756988
0.0106567960881,0.0267869524828,-0.422640292112,-1.03912576176
-0.0106601261821,-0.0265136784278,0.422641411625,1.07408129637
0.0106598730123,0.0267856866338,-0.422643360176,-1.03913550451
-0.0106632071646,-0.0265303491891,0.422547008458,1.07359953778
0.0106623444023,0.0267813728223,-0.422638209136,-1.0395915079
-0.0106624252752,-0.0265307535539,0.422632956014,1.07357327217
0.010661797835,0.0267782356211,-0.422637348435,-1.03961347
-0.0106636784218,-0.0265401564879,0.422597689698,1.07337497849
0.010662833438,0.0267740107019,-0.42263191192,-1.03978458111
-0.0106639078789,-0.0265455286928,0.422589771273,1.07316427525
0.0106656158713,0.0267825506638,-0.422507183224,-1.03937164087
-0.0106687129826,-0.0265610142493,0.422479667737,1.07302669781
0.0106710514073,0.0267942427873,-0.422434506175,-1.03914583306
-0.0106751725769,-0.026581620097,0.42234839293,1.07259613158
0.0106760789793,0.0267987747993,-0.422381046132,-1.03930909908
-0.0106781341297,-0.0265918958493,0.42235220736,1.07245193772
0.0106799064097,0.0268076361992,-0.422306563877,-1.03908088167
-0.0106824380377,-0.0266045539894,0.422278630529,1.07231227098
0.0106838468347,0.0268146801842,-0.422301818312,-1.03919682059
-0.0106865499689,-0.0266180696603,0.422279570795,1.07220103339
0.0106866702062,0.0268152813706,-0.422325261119,-1.03942527221
-0.0106849059054,-0.0266092481563,0.422382111049,1.07248528304
0.0106812713229,0.0267971084584,-0.422468982855,-1.03985963124
-0.0106802277222,-0.0266040301527,0.422494863005,1.07261468379
0.0106782163678,0.0267870516861,-0.422581024558,-1.040290439
-0.0106770949138,-0.0265984228831,0.422619784003,1.07280848102
0.0106755220076,0.0267791871547,-0.42267673318,-1.04057518488
-0.0106762265674,-0.0266019456825,0.422661673912,1.07273318468
0.0062221322748,0.0684897220066,-0.140319121941,-1.07173734805
-0.00622181874718,-0.026604028694,0.140378854403,1.07380117159
0.00622036471926,0.0684887379231,-0.140290633568,-1.07086800435
-0.00621721737855,-0.0266057751829,0.140273343127,1.07466181296
0.00621649351302,0.0684884313187,-0.140201600021,-1.07001345716
-0.00621861072945,-0.0266047538576,0.140306433162,1.07551167869
0.00622320371921,0.0684915730379,-0.140350004862,-1.06916661634
-0.00622192533874,-0.0266059938988,0.140374055497,1.0763479008
0.00621397400909,0.0684877424409,-0.140146561609,-1.06834407235
-0.00621205763323,-0.0266065335376,0.140156345095,1.07717146333
0.027588953168,0.0209439510239,0.00590315931323,0.00448134000555
-0.00144688285438,0.0199372675658,0.00117335384894,0.00529771287683
-0.000424761182933,0.0195243025735,-0.000100892265111,0.00519962252592
-0.000574007839955,0.0189439796699,0.00302706919974,0.00825999464149
-0.000151543232254,0.0187989294898,0.00130699481068,0.0095109896866
-5.6114543666e-05,0.0187443610316,0.00202355858538,0.0114787945519
-0.0133687272097,0.00612737264722,0.00240999358188,0.0137532714375
0.0109302294699,0.0185077753345,-0.00307171057258,0.0102740202533
0.000674562273065,0.0190112713187,0.0274265251455,0.0307452885459
0.000223474966315,0.019230445466,-0.0273300740813,0.00394118703562
-0.00769194116281,-0.0192292603481,-0.000215804235901,0.00286216585612
0.00885338563621,0.025037667833,0.000151333352799,0.00361883262011
-0.00887860878108,-0.0193553760724,-0.000222662949075,0.00250551787474
0.00885071300847,0.0248981889699,0.000144616741748,0.00322860158348
-0.00885186436092,-0.0193611328347,-0.000227010276386,0.00209355020154
0.00881817809943,0.0247297576625,0.000140356529863,0.00279533285086
-0.00873943458254,-0.0189674152502,-0.000231118403538,0.00163974083317
0.00864703531736,0.0242677613366,0.000136253347397,0.00232100757016
-0.00860196275015,-0.0187420524142,-0.000235047412282,0.00114577050875
0.00857872249184,0.0241515600451,0.000132409095812,0.00180781598781
-0.0085880322585,-0.0187886012474,-0.000238747667203,0.000614077651788
0.00859154583912,0.0241691279482,0.000128817100047,0.00125816315202
0.491938684261,2.48386254926,-0.000242220510632,4.70605988648e-05
-0.992495751127,-2.47861620638,0.000125474483923,0.000674433018479
0.992499291503,2.48388025113,-0.000245434882231,-0.000552741392676
-0.992546982544,-2.47885466159,0.000319804586115,0.0010462815379
0.992585467103,2.48407267393,-0.00019533445631,6.96092563482e-05
-0.992622239876,-2.47903852545,0.000320945575802,0.00167433713536
0.992605512625,2.48398903767,-0.000194293202582,0.000702871122448
-0.992581260363,-2.47891726414,0.000321879245303,0.00231226734897
0.992523915561,2.48370231366,-0.000193454593287,0.00134499438253
-0.992528875171,-2.47894206219,0.000322607757052,0.00295803316779
0.992519043157,2.4836531536,-0.000192831137712,0.00199387747923
-0.992530096634,-2.47899732957,0.000323124033196,0.00360949764521
0.992523983422,2.48362258754,-0.00019242278164,0.00264738373701
-0.992515784326,-2.47895633409,0.000323419584889,0.00426448166145
0.992482578024,2.48345655603,-0.000192228209088,0.00330334061601
-0.992402665904,-2.47855677349,0.000323485418725,0.00492076770964
0.992303259659,2.4829595248,-0.000192353428745,0.00395900056592
-0.992306235467,-2.47857165253,0.000322107385892,0.00556953749538
0.992337504157,2.48311586825,-0.000193796506992,0.00460055496042
-0.992400093571,-2.4788845996,0.000320607510633,0.00620359251359
0.992395802613,2.48309441346,-0.000195371082382,0.00522673710168
-0.992391822351,-2.47886469829,0.000318959826361,0.00682153623348
0.992387267784,2.48307164062,-0.000197089305167,0.00583608970764
-0.992420865092,-2.47903268484,0.000317173971057,0.00742195956293
0.992432457366,2.48312960199,-0.000198958856108,0.00642716528239
-0.99246315457,-2.47918617086,0.000315236526998,0.00800334791738
0.992455487239,2.48309126534,-0.000200975122418,0.00699847230529
-0.992455206466,-2.47918476699,0.000313257623861,0.00856476042459
0.992439439003,2.48301242802,-0.000202940631825,0.00755005726547
-0.992423324022,-2.47910419209,0.000311238002463,0.00910624727778
1.26850894297e+12,1043143.98452,12160425693.4,10000.0214267
-6.41965850477e+11,-11296.5634322,-6080203266.76,13.1773297667
4.90784163901e+11,1102619.71812,4400130775.93,10000.0059049
-3.81227970963e+11,-28477.7102248,-3449525967.65,-234.683698731
3.10119348619e+11,1088351.40164,2841951074.83,10000.0008154
-3.87221160217e+11,-526099.495693,-2300803816.21,407.201745303
3.16404205414e+11,1043103.59908,1846805192.94,9566.4113089
-3.51419890545e+11,-54801.2221935,-213848583.437,8898.30629523
3.2572442739e+11,1081213.62342,315882891.903,9999.99724778
-2.89351629958e+11,-53667.7679844,-280101674.678,8901.39559711
0.0199296290325,0.0209439510239,0.159921716257,0.168060960266
-0.00125016278063,0.0198034986963,0.0560017053788,0.219148127665
-0.000407230862806,0.0193266976791,0.0121599923154,0.233385498244
-0.000293662734069,0.0189698120463,0.0942460615064,0.347921874165
-0.000230578853156,0.0187307875278,0.150512748422,0.503947618632
0.000149725184614,0.0188961554498,-0.0438655727214,0.455499131986
3.75874456217e-06,0.0189004987251,0.137529801326,0.614416498873
1.8478128594e-05,0.0189159647699,0.548695323563,1.07367006548
0.000236000452142,0.0191644784932,-0.605730379042,0.435822508652
-0.000158738164031,0.0189900558031,0.669528096246,1.17150502308
-0.00759602227258,-0.0189900555598,-0.397956636578,-0.818278159814
0.0133951727395,0.0479858081376,0.399704858333,1.18024613185
-0.0130426827639,-0.0172276056817,-0.398144580154,-0.810476768918
0.0136427466082,0.0509861273592,0.399471557986,1.18688102101
-0.01356561418,-0.0168419435409,-0.398421870439,-0.805228331184
0.0140381230869,0.0533486718938,0.399155517445,1.19054925604
-0.0139537162069,-0.0164199091405,-0.398767259657,-0.803287042241
0.0144499339855,0.0558297607872,0.398793792906,1.19068192229
-0.014975724788,-0.0190488631528,-0.399130031939,-0.804968237407
0.0151413690399,0.0566579820466,0.398445357221,1.1872585487
-0.015796099195,-0.0223225139286,-0.399450674485,-0.809994823726
0.0157769535176,0.0565622536594,0.390531706823,1.14266371039
-0.0163260727225,-0.0250681099531,-0.399899274435,-0.856832661784
0.0161993049127,0.0559284146103,0.394242417027,1.11437942335
-0.0173737257331,-0.0309402140552,-0.396168292914,-0.86646204122
0.0169852078074,0.0539858249816,0.394133075138,1.10420333447
-0.017031343293,-0.0311708914836,-0.396241670263,-0.877005016845
0.0162315899384,0.0499870582082,0.394090471953,1.09344734292
-0.0163610361958,-0.0318181227709,-0.396258639155,-0.887845852857
0.0159790788808,0.048077271633,0.394094313759,1.08262571594
-0.0164188074914,-0.0340167658242,-0.396238305711,-0.898565812615
0.0162447957556,0.0472072129539,0.394127406313,1.07207121895
-0.016501222746,-0.0352989007761,-0.396195612531,-0.908906843705
0.0163399627722,0.0464009130851,0.394177053654,1.06197842456
-0.0165930772867,-0.0365644733483,-0.3961411639,-0.918727394936
0.0166350831384,0.0466109423435,0.394289432917,1.05271976965
-0.0169963809699,-0.0383709625063,-0.396081924427,-0.927689852485
0.0169092771581,0.0461754232843,0.394349300808,1.04405665156
-0.0170768295606,-0.0392087245189,-0.396018157112,-0.936034134003
0.0170231788705,0.0459071698337,0.394378103766,1.03585638483
-0.0170208175352,-0.0391969178422,-0.397840429225,-0.953345761299
0.0168333822493,0.0449699934046,0.396374413346,1.02852630543
0.483603791268,2.46298894975,-0.397781912176,-0.96038325545
-0.984087025124,-2.45744617588,0.396430740978,1.02177044944
0.983873293725,2.46192029275,-0.397727876835,-0.966868934735
-0.983896435829,-2.4575618864,0.396482475292,1.01554344173
0.983841312962,2.46164467841,-0.397679251828,-0.972852817416
-0.983906242344,-2.45788653331,0.396525959719,1.00977698118
0.983877961778,2.46150327559,-0.397637835268,-0.978412195163
-0.983940024269,-2.45819684576,0.396565853681,1.00441707324
0.983946443447,2.46153537147,-0.397597076307,-0.983568308293
-0.984014091787,-2.45853508746,0.396604610312,0.999454743268
0.983978281322,2.46135631915,-0.397560218871,-0.988346351087
-0.984013538258,-2.45871137214,0.396639652594,0.994851911883
0.984037607901,2.46147666737,-0.397526874204,-0.992782459139
-0.984114746403,-2.45909706465,0.397554635322,0.994990717471
0.98410860061,2.4614459384,-0.396729259662,-0.988655580841
-0.984124389763,-2.45917601041,0.397524181061,0.998965324465
0.984085311984,2.46125054951,-0.396760071168,-0.984835031373
-0.984090678924,-2.45920284512,0.397494543249,1.00263768487
0.984062767503,2.4611109924,-0.396788063712,-0.981302633688
-0.984035245504,-2.45906523512,0.397468793784,1.00604133523
0.983978270253,2.46082611614,-0.396812619969,-0.978021764613
-0.984003737238,-2.45919257005,0.397445219004,1.00920433041
0.984004957279,2.46083221635,-0.396921317341,-0.975402256298
-0.984035104813,-2.45934330772,0.397047933954,1.00983741347
0.984027840709,2.46079589583,-0.396997084139,-0.975148007221
-0.984026229046,-2.4593352494,0.397057431859,1.01013915207
0.983996568364,2.46064759242,-0.397122820226,-0.975474949055
-0.983996883306,-2.45933682411,0.39715786932,1.01031439755
0.983978912346,2.46055773762,-0.39720630844,-0.975717144652
-0.983979745035,-2.45934098755,0.397227562009,1.01042066539
0.983973474743,2.46052638616,-0.397254547475,-0.975852071982
-0.983992053156,-2.45943387962,0.397178136234,1.01003860919
0.983983618091,2.46048421083,-0.397200639506,-0.975964588343
-0.983981090803,-2.45942124318,0.39723801036,1.01022546346
0.983966621391,2.46041186377,-0.397312613762,-0.976337605351
-0.983976259993,-2.4594694362,0.39729897672,1.01015727825
0.983979027048,2.46042569904,-0.397303111038,-0.976358276942
-0.983995042025,-2.45954951108,0.397285272657,1.01006808634
0.983995961213,2.46043029498,-0.397309239311,-0.976478110213
-0.984008253154,-2.45961097079,0.397257273561,1.00980825759
0.984002941294,2.46040373568,-0.397256126843,-0.976472376623
-0.984008861302,-2.45964057083,0.397226530351,1.00966027513
0.984004448958,2.46038167396,-0.397332355387,-0.977001501802
-0.984006757711,-2.45965211459,0.397402784114,1.01001241877
0.984002892905,2.46036234993,-0.397371396345,-0.976844562955
-0.984000793082,-2.45964161548,0.397362550155,1.00996818782
0.983992106548,2.46031891726,-0.397344688386,-0.976755254109
-0.984002536248,-2.45969376398,0.397281963804,1.00965456491
0.983999146825,2.46030197015,-0.397317025106,-0.976930560617
-0.984001315605,-2.45970460788,0.397310659166,1.00962273521
0.984000043456,2.4602956094,-0.397302703701,-0.976890783294
-0.98400250388,-2.45971690999,0.397260947576,1.00941395459
0.983994228654,2.46025423327,-0.397319208725,-0.977182089037
-0.983993278378,-2.45971215862,0.397305460005,1.00934521099
2.25290430235e+11,342862.068138,6555328715.24,9977.41927309
-1.12645256016e+11,-0.0406094091595,-3277216043.03,2.4479065429
80139121829.2,349277.993361,2293861287.28,10000.0039358
-62142906403.3,-8470.1321434,-1763153805.48,-150.228896777
49280917676.4,340277.427357,1434311665.88,10000.0019963
-43121017787.5,-12343.9666453,-1210595043.75,100.381490998
31709265640.0,294852.197378,995649066.004,9746.12911766
-29146250940.8,-13946.3847912,-876689994.309,457.777494171
24986134632.0,274541.265905,826459128.402,9999.99984512
-23729342865.8,-15176.8914879,-725751841.989,1139.09343171
0.00136846991545,0.0209439510239,5.81175556577e-05,0.000889468760386
-2.20926728851e-07,0.0209422604691,0.000232522497447,0.00266875561038
1.19383894073e-05,0.0210322154437,-2.44389304342e-05,0.00248460988593
4.80505112418e-06,0.021067599872,0.000253438055736,0.00435092940591
-4.46666763648e-06,0.0210353737917,-1.98546145405e-05,0.00420768248134
3.12915107603e-06,0.0210585350885,0.000196721548541,0.00566377266501
1.32212015133e-07,0.0210594957233,3.76249469713e-05,0.00593715048785
2.41927748577e-07,0.0210612598115,0.000166541179877,0.00715153510129
1.62631250136e-05,0.0211810138699,2.21306528388e-05,0.00731449489468
9.14209114087e-07,0.0211877126341,0.000192621723356,0.00872590886289
-0.00847508500581,-0.0211877123949,0.00113440219013,0.0143979198135
0.00912669242355,0.0244457497228,-0.00143733267923,0.00721125641737
-0.00912947387981,-0.0212016196762,0.00112669231332,0.012844717984
0.00912560495705,0.024426405109,-0.00144457753845,0.00562183029173
-0.00909746433709,-0.0210609165764,0.00111989248862,0.0112212927348
0.00909824551304,0.0244303109888,-0.0014509144698,0.00396672038583
-0.00907573766918,-0.0209483773571,0.00111399783969,0.00953670958428
0.00908767829528,0.0244900141193,-0.00145637600608,0.0022548295539
-0.00905955555238,-0.0208077636426,0.00110894118856,0.00779953549669
0.00907093462287,0.0245469094718,-0.00146104494283,0.000494310782552
-0.00905868906992,-0.0207465358778,0.00110463513581,0.00601748646161
0.00912786601004,0.0248927941724,-0.00146502426142,-0.00130763484549
-0.00916027888908,-0.020908600273,0.00110099165749,0.00419732344194
0.00919237242687,0.0250532618613,-0.00146838163011,-0.00314458470861
-0.00914553820102,-0.0206744291438,0.0014177418992,0.0039441247874
0.00913279596674,0.02498955069,-0.00104450738166,-0.00127841212089
-0.00910173951515,-0.0205191468858,0.00142024950967,0.00582283542744
0.00912874570034,0.0251245816159,-0.00104227276319,0.00061147161147
-0.00910350163043,-0.0203929265362,0.00142217342543,0.00772233873862
0.00910738216931,0.0251439843103,-0.00104054963383,0.00251959056947
-0.00906215548618,-0.0201667931206,0.00142357072062,0.00963744417258
0.00906943535899,0.0251803836744,-0.00103945430389,0.00444017265312
-0.00902818999441,-0.0199605662977,0.00142436426155,0.0115619939609
0.00907881270147,0.0254334972097,-0.0010389886697,0.00636705061241
-0.00908914050311,-0.0200122053059,0.00142448390422,0.0134894701335
0.00913093842143,0.0256424868013,-0.00103923002792,0.0082933199939
-0.0091141821913,-0.0199284241552,0.00142385503463,0.015412595167
0.00912876047789,0.0257153782342,-0.00104027343446,0.0102112279947
-0.00909876729671,-0.0197784582493,0.00142238232599,0.0173231396247
0.00913578355865,0.0259004595439,-0.00104221344342,0.0121120724076
-0.00908932993317,-0.0195461901219,0.00141994998272,0.0192118223212
0.00909145323367,0.0259110760464,-0.00104517913986,0.0139859266219
-0.00901552508092,-0.0191665493582,0.00141643967588,0.0210681250013
0.0090075490603,0.0258711959433,-0.00104928661715,0.0158216919156
-0.00897397144234,-0.0189986612684,0.00141171119934,0.0228802479123
0.00899518363455,0.0259772569044,-0.00105467209896,0.0176068874175
-0.00895898914687,-0.01881768883,0.00140564654929,0.024635120164
0.00904478020548,0.0264062121974,-0.00106145303471,0.0193278549904
-0.00907775160725,-0.0189825458388,0.00139810854188,0.0263183976998
0.00911379458199,0.0265864270711,-0.00106975532415,0.0209696210791
-0.00901450871197,-0.0184861164887,0.00138901145023,0.0279146783302
0.00896992551961,0.0263635111094,-0.00107967981955,0.0225162792325
-0.00880990467667,-0.017686012274,0.00137826100585,0.0294075842618
0.00870499442499,0.0258389598509,-0.00109128818572,0.0239511433332
-0.00864759548205,-0.0173990175593,0.00136580252475,0.0307801559569
0.00865270178193,0.0258644913503,-0.00110460776026,0.0252571171556
-0.00861159650394,-0.0171934911694,0.00135163672587,0.032015300785
0.00862605692369,0.025936793449,-0.00111960595445,0.0264172710127
-0.00859101315605,-0.0170182723312,0.00133582512866,0.033096396656
0.00863518036437,0.0261576294906,-0.00113620632218,0.0274153650451
-0.00865423855052,-0.017113563262,0.0013184662692,0.0340076963912
0.00873272243136,0.0265500488948,-0.0011542615196,0.0282363887932
-0.00875468563502,-0.0172233792803,0.00129975152435,0.0347351464149
0.00876628055787,0.026608023509,-0.0011735669067,0.0288673118814
-0.00870804913124,-0.0169322221472,0.00127992296813,0.0352669267221
0.00865219287749,0.0263287422403,-0.00119385132104,0.0292976701168
-0.00862871831438,-0.0168148493316,0.00125927846385,0.0355940624361
0.00862621490849,0.0263162252108,-0.00121478391507,0.0295201428607
-0.00861030010428,-0.0167352753106,0.00123815585025,0.035710922112
0.00869962936462,0.0267628715125,-0.0012360090489,0.0295308768675
-0.008750047633,-0.0169873666525,0.00121692300769,0.0356154919059
0.0086959715475,0.026492491085,-0.0012571611479,0.0293296861664
-0.00866864149028,-0.0168507163664,0.00119595298113,0.0353094510721
0.00862200066358,0.0262592869515,-0.00127786621222,0.0289201200109
-0.00849758150606,-0.0162286205788,0.0011756103134,0.0347981715779
0.00841737742569,0.0258582665497,-0.00129777837577,0.0283092796991
-0.00845517538859,-0.0164176103932,0.0011562051857,0.0340903056276
0.00841031323372,0.0256339557754,-0.00131659850575,0.0275073130988
-0.00842542431576,-0.0164931658035,0.00113802814928,0.0331974538452
0.00840791515796,0.0255464099863,-0.00133408762692,0.0265270157106
-0.00844520262199,-0.0166796031236,0.00112483384665,0.0321511849439
0.00845981465359,0.0256194701443,-0.00134740307191,0.0254141695843
-0.00849468593074,-0.0168539595094,0.00111592118108,0.0309937754897
0.00847817705586,0.0255369257699,-0.00135567339394,0.02421540852
-0.00853647160856,-0.0171454322729,0.00110828916918,0.0297568543659
0.00850088987757,0.025359017115,-0.00136266311645,0.0229435387836
-0.00848175515378,-0.0170497586539,0.00110194366703,0.0284532571188
0.00842324041928,0.0250664434425,-0.0013683858737,0.0216113277502
-0.0084769401266,-0.0173182571905,0.00109664927896,0.0270945741451
0.00845660242371,0.0249647549281,-0.00137371873918,0.0202259804491
-0.00849810867924,-0.0175257884681,0.00109187640548,0.0256853624766
0.00857594052768,0.0253539141703,-0.00137881512384,0.0187912868574
-0.00869773986077,-0.0181347851336,0.00108494295659,0.0242160016403
0.00864892132141,0.0251098214735,-0.00138501358022,0.0172909337392
-0.00866852257476,-0.0182327914003,0.00107943401445,0.0226881038114
0.00865918809987,0.025063149099,-0.00138986569196,0.0157387753517
-0.00871698966958,-0.0185217992489,0.00107520522355,0.0211148014694
0.00870952914955,0.0250258464989,-0.00139349592311,0.0141473218538
-0.00876610603973,-0.0188046836998,0.00107212796994,0.0195079617035
0.00876100942557,0.025000363428,-0.00139603170921,0.0125278031575
-0.00881353806947,-0.0190673269193,0.00107073389363,0.0178814726257
0.00880128548783,0.0249391005198,-0.00139660605875,0.0108984423319
-0.00884633147259,-0.0192925568431,0.00107059825155,0.0162514335896
0.00881730744528,0.0247939803833,-0.00139632590877,0.00926980404578
-0.00882513222018,-0.0193316807176,0.00107127213316,0.0146261647116
0.00879022295002,0.0246194340325,-0.00139529301017,0.00764969966071
-0.00881697721157,-0.0194654520254,0.00107264996728,0.0130129494971
0.00879735578186,0.0245213268839,-0.00139359218651,0.00604498856457
-0.00882990298642,-0.0196281880481,0.00107465493306,0.0114182632298
0.00884498255422,0.024596724723,-0.00139129112392,0.00446180761024
-0.00891865445252,-0.0199965475396,0.00107726721898,0.00984814370513
0.00893376713335,0.0246722881271,-0.00138847169243,0.00290578524297
-0.00896283109879,-0.0201418673668,0.00108038080306,0.00830768925827
0.00891979114474,0.0244570883569,-0.00138509849967,0.00138219675992
0.492011519253,2.48451468462,0.00108402076345,0.0068023005772
-0.992967560822,-2.48032311949,-0.00138119428868,-0.000103670866182
0.993004969709,2.48470172906,0.00108820085024,0.00533733338503
-0.993098902823,-2.48079278506,-0.00137673365271,-0.00154633487852
0.993095316305,2.48468379647,0.0010929616343,0.00391847329297
-0.993107166184,-2.48085203445,-0.00137165341633,-0.00293979378867
0.993073720987,2.48451657048,0.00125345325209,0.00332747247177
-0.99310208749,-2.48099386697,-0.000985954579091,-0.00160230042369
0.993098274349,2.48449750477,0.00124728409142,0.00463412003339
-0.993114869904,-2.48107684475,-0.000992524845053,-0.000328504191871
0.993086612281,2.48435621666,0.00124001847483,0.0058715881823
-0.993097645815,-2.48113201242,-0.0010012338345,0.000865419009776
0.993078562971,2.48426080244,0.00123092997466,0.00702006888306
-0.99305888663,-2.48103363072,-0.00101068580205,0.00196663987279
3.52058845397e+12,1569919.1927,22425322245.6,10000.0346016
-1.7862996465e+12,-18113.0459452,-11212548291.5,32.0047700579
1.1635261637e+12,1533464.13046,6817354611.31,9123.03524994
-9.30696151398e+11,-85063.3681484,-5376412457.27,-226.816893412
9.14582615427e+11,1665492.51081,5343029269.59,10000.0025776
-7.98352419094e+11,-63273.0658055,-4562455303.46,120.38615157
6.15047400118e+11,1539563.10217,3791048078.33,9999.99701296
-5.68115387732e+11,-70534.2041399,-3218162596.85,879.393979952
4.64189452856e+11,1435287.18458,2811545861.83,9999.99305449
-4.67893518137e+11,-79123.9876335,-2384646050.31,2281.70998285
0.0058262623515,0.0209439510239,0.00386832546549,0.0139056592728
-0.000326556624907,0.0203455830067,0.0145982631702,0.040654875557
-0.000665626715633,0.0184301077272,-0.0101463555035,0.0114566888142
0.000404007665762,0.0194595517651,0.0218034489037,0.0670136308769
0.000266324642143,0.0199855097821,-0.0037822809971,0.0595440967134
-0.00011313638475,0.0197085434884,0.00139930763368,0.0629697059894
-7.79741335691e-05,0.0195136979691,0.00563824989966,0.0770588363138
6.18393014147e-05,0.0196515489237,0.0113379606334,0.102333195198
-2.37003469268e-05,0.0195938139028,-0.00820508343951,0.0823452741016
3.48239908727e-05,0.0196714291625,0.0267360930429,0.141934331907
-0.00786857010363,-0.0196714213557,-0.0367789944182,-0.0419606401837
0.00838586067951,0.0222578820419,0.0360435807822,0.138257263727
-0.00843429915187,-0.0199136137174,-0.040313722478,-0.0633113486626
0.00842409628286,0.0222068676969,0.0396188034947,0.134782668811
-0.00843572640326,-0.0199717643194,-0.0402932840576,-0.0666837514768
0.00841693519398,0.0221129116505,0.0396602930717,0.131617713882
-0.00841828509647,-0.0199785138319,-0.0402782299327,-0.0697734357817
0.00839326249276,0.0219877986319,0.0396748447693,0.128600788065
-0.00840138244343,-0.0200191135853,-0.0402641553079,-0.0727199884748
0.0083936345553,0.0219490591912,0.039688466233,0.12572234269
-0.00841434298105,-0.020122655714,-0.0402509780884,-0.0755325477516
0.00840634202156,0.0219090543938,0.039701157646,0.122973240478
-0.00841148701185,-0.0201483806655,-0.0402402947463,-0.0782282332531
0.00840034020512,0.0218533203602,0.0397114981242,0.120329257368
-0.00840093000719,-0.0201513296758,-0.0402302754197,-0.0808221197308
0.00837970430862,0.0217471918673,0.0397212041653,0.117783901096
-0.0083742510196,-0.0201240632307,-0.0402208515184,-0.0833203564964
0.00835233396893,0.0216376066139,0.039730350013,0.115331393568
-0.00836087018865,-0.0201667443293,-0.040211298463,-0.0857250987467
0.00835944467095,0.0216304790254,0.0397404855496,0.112977329001
-0.00836872805202,-0.0202131612346,-0.040201417636,-0.0880297591787
0.00836866163668,0.0216301469488,0.0397501350578,0.11072091611
-0.00836791032853,-0.0202094046939,-0.040191973327,-0.0902389505244
0.0083518198403,0.0215496945076,0.0397593844713,0.108557971832
-0.0083647461263,-0.0202740361239,-0.0401828946839,-0.0923565015873
0.00836547256843,0.0215533267183,0.039768320977,0.106485103298
-0.00838008520738,-0.0203470993186,-0.0401740809773,-0.0943853015889
0.00837850338367,0.0215454175997,0.0397770893057,0.10450014494
-0.00838723615537,-0.0203907631771,-0.0401654593885,-0.0963271520029
0.00838498469053,0.0215341602756,0.0397857182577,0.102601439286
-0.00839126433261,-0.0204221613875,-0.040156831596,-0.0981827186943
0.00838751195686,0.0215153983968,0.0397943876017,0.100789219314
-0.00839261650198,-0.0204476841131,-0.0401480815303,-0.0999511883374
0.00839754222163,0.0215400269951,0.0401576809203,0.100837216264
-0.00840788697815,-0.0204994078957,-0.0398219230121,-0.0982723987965
0.00840187472453,0.021509965727,0.0401483990332,0.10246959637
-0.00839915306133,-0.0204857995797,-0.039831645522,-0.0966886312405
0.0083879773319,0.0214540870798,0.0401368657983,0.103995697751
-0.00839240239559,-0.0205079248981,-0.0398434950843,-0.0952217776705
0.00838908134804,0.0214374818421,0.0401246704721,0.10540157469
-0.00839360062155,-0.0205305212657,-0.0398560482174,-0.0938786663973
0.00839740959626,0.0214565267156,0.0401117680792,0.106680173999
-3.74278937072e-05,0.020943948956,-0.0155443437402,-0.106200757832
-3.04946890762e-07,0.0209397191286,0.0153812202412,0.107147560025
-4.8563936545e-09,0.0209396517589,-0.0153552826164,-0.105866856298
-4.4582841412e-08,0.0209390331603,0.0153760773045,0.107480219929
-5.31931966308e-08,0.0209382948683,-0.0153476293031,-0.10553635185
-1.18589525324e-07,0.0209366467182,0.0153506061372,0.107805447384
1.45648131427e-07,0.0209386680381,-0.0153488527301,-0.105207519528
-1.1103163614e-07,0.0209371280499,0.0153814334883,0.108130106013
6.79794450392e-08,0.0209380717036,-0.0153456460828,-0.104889804496
7.14739410925e-08,0.0209390634489,0.015375090262,0.108449133236
-0.00837562533171,-0.0209390632096,-0.0414666735514,-0.098884234521
0.00859240504057,0.0220229619933,0.0411304155109,0.106767843033
-0.00859756259526,-0.020964850983,-0.041477127894,-0.100617796437
0.0086017175375,0.0220437367045,0.0411204185508,0.104984296317
-0.00858979551405,-0.0209052408658,-0.0414866699765,-0.102449053565
0.00858984841517,0.0220440012101,0.0411113344285,0.103107618577
-0.00858205909111,-0.0208662942455,-0.0409907682367,-0.101846222606
0.00858179049346,0.0220426582218,0.0413830236201,0.105068895494
-0.00856329048491,-0.0207737942027,-0.0409828425699,-0.0998453173554
0.00856313504473,0.0220418810209,0.0413906512639,0.107107938964
-0.00855618588737,-0.0207390484159,-0.0409754587467,-0.0977693547695
0.0085544033171,0.0220329681696,0.0413978338863,0.109219814662
-0.00854250540202,-0.0206795588405,-0.0409684225689,-0.0956222981823
0.00854988789616,0.0220698806403,0.0414047554379,0.111401479007
-0.00854336309356,-0.0206469348275,-0.0409615763796,-0.0934064028906
0.00855553801106,0.0221307552278,0.0414115592328,0.113651393273
-0.00855849700689,-0.0206617298066,-0.0409548235069,-0.091122724261
0.0085721516972,0.0221990286794,0.0414184046759,0.115969299119
-0.0085612852439,-0.0206073975401,-0.0409479827571,-0.0887706146668
0.008563857709,0.0222118910049,0.0414253010456,0.118355890561
-0.00854152681861,-0.0204957430881,-0.0409410037245,-0.086349128061
0.00854266681953,0.0222175910095,0.0414323742911,0.120812743394
-0.00852200031389,-0.0203924105599,-0.040933816113,-0.0838563371709
0.00851169002091,0.0221660395446,0.0414396821576,0.123342073617
-0.00849595895367,-0.0203137552238,-0.0409263608767,-0.0812897307668
0.00851393995747,0.0222559445636,0.0414472911739,0.125946725103
-0.00849803625247,-0.0202342366987,-0.0409185885062,-0.0786462174285
0.00854942223848,0.0225128744936,0.04145524165,0.128629990821
-0.008583462512,-0.0204044380664,-0.0409104552654,-0.0759222855057
0.00861197687315,0.0226554462994,0.0414635743042,0.131395586015
-0.00862339094427,-0.020461508422,-0.0409019232323,-0.0731140301459
0.00864381009911,0.0227575420735,0.0414723260165,0.134247599937
-0.00861659791266,-0.0203254474898,-0.0408929498655,-0.0702171493905
0.00863290340681,0.0228390695443,0.0414815271479,0.137190486349
-0.00861440675708,-0.0202329642411,-0.0408835132583,-0.0672270799424
0.00860159792478,0.0227750253828,0.0414912001633,0.140228920874
-0.00856425768182,-0.0200462630263,-0.0408735863666,-0.0641390109593
0.00857591234872,0.0228332987173,0.0415013746759,0.14336786242
-0.00855901290131,-0.0199617657893,-0.0408631608811,-0.0609479419853
0.00858768776041,0.0229766730128,0.0415120581375,0.146612348702
-0.00856091023819,-0.0198278781782,-0.0408522228703,-0.0576487656492
0.00857422532095,0.0230432484266,0.0415233884216,0.149968176459
-0.00855758050567,-0.0197446541018,-0.0408403119623,-0.054233383353
0.008568533845,0.0230980151232,0.0415348093793,0.153440663544
-0.00850219017939,-0.0194129357737,-0.0408289110846,-0.0507038918795
0.00851047481225,0.0231394382875,0.0415469657838,0.15703093704
-0.00849400480736,-0.0193305857493,-0.0408165430464,-0.0470517781922
0.00850990473983,0.0232189379499,0.0415595234395,0.160745839005
-0.00846954564778,-0.019128790289,-0.0408038079927,-0.0432732009582
0.008497445632,0.023358437871,0.0415724028111,0.164588813097
0.49243609211,2.48553889842,-0.0407908195073,-0.0393652844393
-0.993247393824,-2.4806980707,0.0415854720604,0.168562075863
0.993224797077,2.48542591469,-0.0407777289113,-0.0353265686935
-0.993148981195,-2.48031899129,0.041598541459,0.172666138601
0.993184969521,2.48560585632,-0.0407647488449,-0.031157605623
-0.993147577458,-2.48013203097,0.0416113601087,0.17689919492
0.993176912555,2.4857525318,-0.0407521704391,-0.0268616572753
-0.993097222731,-2.47973358185,0.0416235950424,0.181256317937
0.993141090074,2.48597186852,-0.0407403788145,-0.0224455761358
-0.993056907769,-2.47931267032,0.0416348095448,0.185728471588
0.993032001562,2.48584733749,-0.0407298756179,-0.0179209065013
-0.992975610715,-2.47903071609,0.0416444441895,0.190301314446
0.993167729655,2.48680793219,-0.0407212763077,-0.0133050670924
-0.993179073367,-2.47908743465,0.0416517982867,0.194953924341
0.993190253245,2.48686383158,-0.0407153740303,-0.00862294581058
-0.993090138049,-2.47858685866,0.0416560194136,0.199657151258
0.993176449966,2.48729539117,-0.0407130960144,-0.00390832881466
-0.993142238082,-2.47841579924,0.0416560887067,0.204372114719
0.993225801843,2.48771320997,-0.0407155421876,0.000794403780873
-0.993162389099,-2.47809873553,0.0416508370562,0.209048589062
0.993276304526,2.4882827871,-0.0407239233079,0.0054289725226
-0.993154688446,-2.47749065513,0.0416389803516,0.213623874281
0.993178514623,2.48840191799,-0.0407395615872,0.00992606634453
-0.992932157934,-2.47625887168,0.0416192199186,0.218022165937
0.993073238391,2.48910732027,-0.0407637478819,0.0142034265279
-0.993182393338,-2.47680464641,0.0415903171477,0.222155012266
0.993271401362,2.4895523604,-0.0407976049929,0.0181669873017
-0.993151031396,-2.47620279658,0.041551308218,0.225923528392
0.993201976896,2.48980708789,-0.0408419011836,0.0217140224735
-0.993019900591,-2.47529241506,0.0415016834713,0.22922243983
0.993021817548,2.48981667268,-0.0408968260741,0.0247383094595
-0.992934299501,-2.47485482482,0.0414416078746,0.231946348832
0.99334197648,2.49185505758,-0.0409617805799,0.0271374459328
-0.99362044239,-2.47624715437,0.0413721240318,0.233998066092
0.993696842988,2.49223706057,-0.0410352808191,0.0288216619961
-0.99357966445,-2.47566126168,0.0412952071029,0.235297697511
0.993495325062,2.49181536363,-0.0411149148555,0.029723123233
-0.993495859942,-2.47566393608,0.0412136519682,0.235791383074
0.99368197743,2.49274595107,-0.0411975468322,0.0298036489128
-0.993823445042,-2.47637127414,0.0411308332163,0.235457814994
0.993983850221,2.49354797696,-0.0412796649411,0.0290594902886
-0.994246603578,-2.47768504093,0.041050271881,0.234310849694
0.994253288831,2.49358140323,-0.0413578323032,0.0275216881776
-0.994335324726,-2.4780952204,0.040975235108,0.232397863717
0.994345338327,2.49363147124,-0.041429093945,0.0252523939923
-0.994413890688,-2.47843798221,0.040908295588,0.229793871932
0.994471863381,2.4939213347,-0.0414912780256,0.0223374818045
-0.994741401685,-2.47978567372,0.0408153156448,0.226414060028
0.994737052655,2.49389958955,-0.049983396227,-0.023502921107
-0.99487636713,-2.48048224609,0.0491247601876,0.222120879831
0.99502751449,2.49465532636,-0.0568600641516,-0.0621794409269
-0.995369335858,-2.48219135293,0.0511155299093,0.193398208619
0.995379783785,2.49470756599,-0.0520164722303,-0.0666841525318
-0.995572816857,-2.48315651829,0.0510893904497,0.188762799717
0.99557956434,2.4947413034,-0.0520380406043,-0.0714274033048
-0.995720323342,-2.4838603133,0.0511298068335,0.184221630863
0.99558673913,2.49407338235,-0.0520458582681,-0.0760076604777
-0.995598338521,-2.48391831025,0.0510851947852,0.179418313448
0.995558005105,2.49387171527,-0.0520406088967,-0.0807847310352
-0.995723533034,-2.4847459499,0.0509435419122,0.173932978526
0.995648104031,2.49349457025,-0.0519396185915,-0.0857651144316
-0.995707610118,-2.48504348033,0.0510037273466,0.169253522301
0.995726931632,2.49359117783,-0.0519303961853,-0.0903984586249
-0.99592846132,-2.48605112877,0.0510323640981,0.164763361865
0.995902127878,2.49345951062,-0.0519208040849,-0.0948406585589
-0.995982211647,-2.48645154762,0.0510432509389,0.160375596135
0.995911008695,2.49310349586,-0.0519088290354,-0.0991685490414
-0.995963126732,-2.4867121378,0.0510561296769,0.156112099343
0.995932040221,2.4929480633,-0.0518952112264,-0.103363956789
-0.995957751307,-2.48684069323,0.0510703372035,0.151987729229
0.995924617264,2.49278239309,-0.0518814234284,-0.107419387913
-0.996014255892,-2.48728888637,0.0510828508385,0.147994866279
0.995995809448,2.49269016087,-0.0518686297922,-0.111348282682
-0.996081013302,-2.48771490564,0.0510958331046,0.144130882842
0.996045695974,2.49251357423,-0.0518555285822,-0.115146760069
-0.996039663261,-2.48768474208,0.051111056413,0.140408521996
0.995977679478,2.49220365531,-0.0518401036633,-0.118791996321
-0.996018880942,-2.4878907494,0.0511263803074,0.136839905216
0.996005767847,2.49213808983,-0.0518249253524,-0.122284721546
-0.995950810322,-2.48761596177,0.0511413832517,0.133422194712
0.995836894947,2.49156851296,-0.051810139528,-0.125628502928
-0.995891913918,-2.48789105663,0.0511559349627,0.130151171885
0.995899302285,2.49160545479,-0.0517958259586,-0.128827957907
-0.995904818733,-2.48791863887,0.0518927358831,0.130635721508
0.995843555255,2.4912991374,-0.0512798908922,-0.125763732953
-0.995857364074,-2.48798768297,0.0518786542659,0.133629538377
0.99583526655,2.49118864978,-0.0512964960121,-0.122852941684
-0.995875116762,-2.48818693403,0.0518627649436,0.136460883034
0.995872592419,2.49117602807,-0.051312004953,-0.120099141731
-0.995914598237,-2.48839696311,0.0518482577189,0.139142146863
0.995899318652,2.49109963014,-0.0513256172767,-0.117485939521
-0.995870709584,-2.48825391778,0.0518349657857,0.141688889408
0.995818964861,2.49084090653,-0.0513385631003,-0.115003926094
-0.995835337591,-2.48833578143,0.0518223413245,0.144107780529
0.995816901981,2.49074872848,-0.051349947944,-0.112641959191
-0.995794728576,-2.4882249144,0.0516886579916,0.145801330767
0.995747503499,2.4905126031,-0.0515771748718,-0.112084543592
-0.995746333145,-2.48821906263,0.0516226960983,0.146028936899
0.995711600568,2.49033894021,-0.0516164995141,-0.112053560671
-0.995722025298,-2.48827118628,0.0515964246598,0.145928562628
0.995706638716,2.4902620073,-0.0516639472065,-0.112391173405
-0.995711269342,-2.48829433941,0.0516907908707,0.146062780948
0.995723085409,2.49032108764,-0.0516767398225,-0.112320918164
-0.995764914755,-2.48850348614,0.0516047219948,0.14570269181
0.995757855399,2.49028579085,-0.0516098475901,-0.112346546141
-0.995766235709,-2.48854538769,0.0516077771153,0.145692339436
0.995767433204,2.49029177833,-0.0515762019892,-0.11218867051
-0.995771047089,-2.48856345711,0.0516005104163,0.145813881572
0.995747249346,2.49017278961,-0.0516855132383,-0.11261368462
-0.995757849015,-2.48861645546,0.0516554398123,0.145663514441
0.995773730438,2.49025219673,-0.0516414536942,-0.11254375403
-0.995803718706,-2.4887663968,0.0516364094314,0.145638293127
0.995801015269,2.49023867954,-0.0516388622338,-0.112556018042
-0.995812092431,-2.48882178261,0.051574975458,0.145318859248
0.995813467082,2.4902455528,-0.051580238397,-0.112582332736
-0.995829459007,-2.48890174224,0.0515415772585,0.145125553556
0.995822331093,2.49020991323,-0.0515785320936,-0.112767106912
-0.995808136442,-2.48883076899,0.051614790706,0.145306846619
0.995781792848,2.49007819525,-0.0516513475736,-0.112949891249
-0.995777841775,-2.48881101363,0.0516536274215,0.145318245858
0.995768872722,2.49003334998,-0.0516657171396,-0.11301033984
-0.995774261553,-2.48883795778,0.0516508680709,0.145244000515
0.995764246828,2.48998327636,-0.051643862682,-0.112975312895
-0.995761720991,-2.48882532859,0.0516191235189,0.145120304699
0.995748289824,2.48991612053,-0.0516264356878,-0.11301187374
-0.995744189403,-2.48880482649,0.05164357228,0.14520598766
3.27702461419e+11,488691.571413,6688672444.95,9974.78647183
-1.66962245412e+11,-6146.03169124,-3336762371.06,85.3920776401
1.18913951431e+11,497729.115372,2339836886.93,10000.0037891
-92410702222.8,-13498.4805772,-1800266937.29,40.7012810364
73508140138.2,486165.355073,1465164305.87,10000.0012382
-66765169074.4,-19792.1758407,-1231380846.34,668.392837174
55641415978.1,467056.630054,1066499081.98,9999.99943674
-51364470959.9,-22074.6587969,-905987678.388,1372.50045677
42400625680.4,437441.261819,796079698.944,9999.99804374
-40462029334.6,-23190.4119282,-690458798.88,2139.61146869
